Workbook

Sheet EvaluationData
B1: MapSize | C1: NumberOfAgents | D1: Density | E1: MapSeed | F1: AgentSeed | G1: IsDynamic | H1: InitialAlg | I1: RepairingAlg | J1: Protocol | K1: Feasibility | L1: Result | M1: TimeStep | N1: ElapsedTime | O1: Cost | P1: NormalizedCost | Q1: MaxDiffTokens | R1: LowerBound | S1: AverageEMD | T1: AlgFeasbility | U1: CommonlySolved
A2: 1 | B2: 30 | C2: 10 | D2: 0.05 | E2: 1 | F2: 1 | G2: FALSE | H2: CBSH2-RTC | I2: No-Repairing | J2: Random Protocol | K2: TRUE | L2: FINISH | M2: 42 | N2: 0.12500739 | O2: 276 | P2: 0.5 | Q2: 0 | R2: 276 | S2: 0 | T2: =IF(OR(COUNTIFS($B:$B,$B2,$C:$C,$C2,$D:$D,$D2,$E:$E,$E2,$G:$G,$G2,$H:$H,$H2,$J:$J,$J2,$K:$K,TRUE,$I:$I,$I2)>0,$I2="No-Repairing"),1,0) -> 1 | U2: =AVERAGEIFS($T:$T,$B:$B,$B2,$C:$C,$C2,$D:$D,$D2,$E:$E,$E2,$G:$G,$G2,$H:$H,$H2,$J:$J,$J2)=1 -> TRUE
A3: 2 | B3: 30 | C3: 10 | D3: 0.05 | E3: 1 | F3: 1 | G3: FALSE | H3: EECBS | I3: No-Repairing | J3: Random Protocol | K3: TRUE | L3: FINISH | M3: 42 | N3: 0.035880327 | O3: 276 | P3: 0.5 | Q3: 0 | R3: 276 | S3: 0 | T3: =IF(OR(COUNTIFS($B:$B,$B3,$C:$C,$C3,$D:$D,$D3,$E:$E,$E3,$G:$G,$G3,$H:$H,$H3,$J:$J,$J3,$K:$K,TRUE,$I:$I,$I3)>0,$I3="No-Repairing"),1,0) -> 1 | U3: =AVERAGEIFS($T:$T,$B:$B,$B3,$C:$C,$C3,$D:$D,$D3,$E:$E,$E3,$G:$G,$G3,$H:$H,$H3,$J:$J,$J3)=1 -> TRUE
A4: 3 | B4: 30 | C4: 10 | D4: 0.05 | E4: 1 | F4: 1 | G4: TRUE | H4: CBSH2-RTC | I4: No-Repairing | J4: Random Protocol | K4: FALSE | L4: OBSTACLE_COLLISION | M4: 0 | N4: 0.0099658966 | O4: 10 | P4: 0.018115942 | Q4: 0 | R4: 276 | S4: 0 | T4: =IF(OR(COUNTIFS($B:$B,$B4,$C:$C,$C4,$D:$D,$D4,$E:$E,$E4,$G:$G,$G4,$H:$H,$H4,$J:$J,$J4,$K:$K,TRUE,$I:$I,$I4)>0,$I4="No-Repairing"),1,0) -> 1 | U4: =AVERAGEIFS($T:$T,$B:$B,$B4,$C:$C,$C4,$D:$D,$D4,$E:$E,$E4,$G:$G,$G4,$H:$H,$H4,$J:$J,$J4)=1 -> TRUE
A5: 4 | B5: 30 | C5: 10 | D5: 0.05 | E5: 1 | F5: 1 | G5: TRUE | H5: CBSH2-RTC | I5: ACO-Based Uninformed Repairing Strategy | J5: Fair Token Protocol | K5: FALSE | L5: OBSTACLE_COLLISION | M5: 0 | N5: 0.15946603 | O5: 10 | P5: 0.018115942 | Q5: 0 | R5: 276 | S5: 0.8 | T5: =IF(OR(COUNTIFS($B:$B,$B5,$C:$C,$C5,$D:$D,$D5,$E:$E,$E5,$G:$G,$G5,$H:$H,$H5,$J:$J,$J5,$K:$K,TRUE,$I:$I,$I5)>0,$I5="No-Repairing"),1,0) -> 0 | U5: =AVERAGEIFS($T:$T,$B:$B,$B5,$C:$C,$C5,$D:$D,$D5,$E:$E,$E5,$G:$G,$G5,$H:$H,$H5,$J:$J,$J5)=1 -> FALSE
A6: 5 | B6: 30 | C6: 10 | D6: 0.05 | E6: 1 | F6: 1 | G6: TRUE | H6: CBSH2-RTC | I6: ACO-Based Uninformed Repairing Strategy | J6: Probability-Based Protocol | K6: FALSE | L6: OBSTACLE_COLLISION | M6: 0 | N6: 0.15946603 | O6: 10 | P6: 0.018115942 | Q6: 0 | R6: 276 | S6: 0.8 | T6: =IF(OR(COUNTIFS($B:$B,$B6,$C:$C,$C6,$D:$D,$D6,$E:$E,$E6,$G:$G,$G6,$H:$H,$H6,$J:$J,$J6,$K:$K,TRUE,$I:$I,$I6)>0,$I6="No-Repairing"),1,0) -> 0 | U6: =AVERAGEIFS($T:$T,$B:$B,$B6,$C:$C,$C6,$D:$D,$D6,$E:$E,$E6,$G:$G,$G6,$H:$H,$H6,$J:$J,$J6)=1 -> FALSE
A7: 6 | B7: 30 | C7: 10 | D7: 0.05 | E7: 1 | F7: 1 | G7: TRUE | H7: CBSH2-RTC | I7: ACO-Based Informed Repairing Strategy | J7: Fair Token Protocol | K7: FALSE | L7: OBSTACLE_COLLISION | M7: 0 | N7: 1.1601455 | O7: 10 | P7: 0.018115942 | Q7: 0 | R7: 276 | S7: 0.2 | T7: =IF(OR(COUNTIFS($B:$B,$B7,$C:$C,$C7,$D:$D,$D7,$E:$E,$E7,$G:$G,$G7,$H:$H,$H7,$J:$J,$J7,$K:$K,TRUE,$I:$I,$I7)>0,$I7="No-Repairing"),1,0) -> 0 | U7: =AVERAGEIFS($T:$T,$B:$B,$B7,$C:$C,$C7,$D:$D,$D7,$E:$E,$E7,$G:$G,$G7,$H:$H,$H7,$J:$J,$J7)=1 -> FALSE
A8: 7 | B8: 30 | C8: 10 | D8: 0.05 | E8: 1 | F8: 1 | G8: TRUE | H8: CBSH2-RTC | I8: ACO-Based Informed Repairing Strategy | J8: Probability-Based Protocol | K8: FALSE | L8: OBSTACLE_COLLISION | M8: 0 | N8: 0.13126779 | O8: 10 | P8: 0.018115942 | Q8: 0 | R8: 276 | S8: 0.2 | T8: =IF(OR(COUNTIFS($B:$B,$B8,$C:$C,$C8,$D:$D,$D8,$E:$E,$E8,$G:$G,$G8,$H:$H,$H8,$J:$J,$J8,$K:$K,TRUE,$I:$I,$I8)>0,$I8="No-Repairing"),1,0) -> 0 | U8: =AVERAGEIFS($T:$T,$B:$B,$B8,$C:$C,$C8,$D:$D,$D8,$E:$E,$E8,$G:$G,$G8,$H:$H,$H8,$J:$J,$J8)=1 -> FALSE
A9: 8 | B9: 30 | C9: 10 | D9: 0.05 | E9: 1 | F9: 1 | G9: TRUE | H9: CBSH2-RTC | I9: ACO-Based WAP Repairing Strategy | J9: Fair Token Protocol | K9: FALSE | L9: OBSTACLE_COLLISION | M9: 0 | N9: 0.73952675 | O9: 10 | P9: 0.018115942 | Q9: 0 | R9: 276 | S9: 1.6 | T9: =IF(OR(COUNTIFS($B:$B,$B9,$C:$C,$C9,$D:$D,$D9,$E:$E,$E9,$G:$G,$G9,$H:$H,$H9,$J:$J,$J9,$K:$K,TRUE,$I:$I,$I9)>0,$I9="No-Repairing"),1,0) -> 0 | U9: =AVERAGEIFS($T:$T,$B:$B,$B9,$C:$C,$C9,$D:$D,$D9,$E:$E,$E9,$G:$G,$G9,$H:$H,$H9,$J:$J,$J9)=1 -> FALSE
A10: 9 | B10: 30 | C10: 10 | D10: 0.05 | E10: 1 | F10: 1 | G10: TRUE | H10: CBSH2-RTC | I10: ACO-Based WAP Repairing Strategy | J10: Probability-Based Protocol | K10: FALSE | L10: OBSTACLE_COLLISION | M10: 0 | N10: 0.1674397 | O10: 10 | P10: 0.018115942 | Q10: 0 | R10: 276 | S10: 1.6 | T10: =IF(OR(COUNTIFS($B:$B,$B10,$C:$C,$C10,$D:$D,$D10,$E:$E,$E10,$G:$G,$G10,$H:$H,$H10,$J:$J,$J10,$K:$K,TRUE,$I:$I,$I10)>0,$I10="No-Repairing"),1,0) -> 0 | U10: =AVERAGEIFS($T:$T,$B:$B,$B10,$C:$C,$C10,$D:$D,$D10,$E:$E,$E10,$G:$G,$G10,$H:$H,$H10,$J:$J,$J10)=1 -> FALSE
A11: 10 | B11: 30 | C11: 10 | D11: 0.05 | E11: 1 | F11: 1 | G11: TRUE | H11: CBSH2-RTC | I11: ACO-Based Informed WAP Repairing Strategy | J11: Fair Token Protocol | K11: FALSE | L11: OBSTACLE_COLLISION | M11: 0 | N11: 0.78736663 | O11: 10 | P11: 0.018115942 | Q11: 0 | R11: 276 | S11: 0.2 | T11: =IF(OR(COUNTIFS($B:$B,$B11,$C:$C,$C11,$D:$D,$D11,$E:$E,$E11,$G:$G,$G11,$H:$H,$H11,$J:$J,$J11,$K:$K,TRUE,$I:$I,$I11)>0,$I11="No-Repairing"),1,0) -> 0 | U11: =AVERAGEIFS($T:$T,$B:$B,$B11,$C:$C,$C11,$D:$D,$D11,$E:$E,$E11,$G:$G,$G11,$H:$H,$H11,$J:$J,$J11)=1 -> FALSE
A12: 11 | B12: 30 | C12: 10 | D12: 0.05 | E12: 1 | F12: 1 | G12: TRUE | H12: CBSH2-RTC | I12: ACO-Based Informed WAP Repairing Strategy | J12: Probability-Based Protocol | K12: FALSE | L12: OBSTACLE_COLLISION | M12: 0 | N12: 0.14352012 | O12: 10 | P12: 0.018115942 | Q12: 0 | R12: 276 | S12: 0.2 | T12: =IF(OR(COUNTIFS($B:$B,$B12,$C:$C,$C12,$D:$D,$D12,$E:$E,$E12,$G:$G,$G12,$H:$H,$H12,$J:$J,$J12,$K:$K,TRUE,$I:$I,$I12)>0,$I12="No-Repairing"),1,0) -> 0 | U12: =AVERAGEIFS($T:$T,$B:$B,$B12,$C:$C,$C12,$D:$D,$D12,$E:$E,$E12,$G:$G,$G12,$H:$H,$H12,$J:$J,$J12)=1 -> FALSE
A13: 12 | B13: 30 | C13: 10 | D13: 0.05 | E13: 1 | F13: 1 | G13: TRUE | H13: EECBS | I13: No-Repairing | J13: Random Protocol | K13: FALSE | L13: OBSTACLE_COLLISION | M13: 0 | N13: 0.013953686 | O13: 10 | P13: 0.018115942 | Q13: 0 | R13: 276 | S13: 0 | T13: =IF(OR(COUNTIFS($B:$B,$B13,$C:$C,$C13,$D:$D,$D13,$E:$E,$E13,$G:$G,$G13,$H:$H,$H13,$J:$J,$J13,$K:$K,TRUE,$I:$I,$I13)>0,$I13="No-Repairing"),1,0) -> 1 | U13: =AVERAGEIFS($T:$T,$B:$B,$B13,$C:$C,$C13,$D:$D,$D13,$E:$E,$E13,$G:$G,$G13,$H:$H,$H13,$J:$J,$J13)=1 -> TRUE
... A16561: 16560 | B16561: 200 | C16561: 25 | D16561: 0.2 | E16561: 7803 | F16561: 5 | G16561: TRUE | H16561: EECBS | I16561: ACO-Based Informed WAP Repairing Strategy | J16561: Probability-Based Protocol | K16561: TRUE | L16561: FINISH | M16561: 293 | N16561: 6.6128838 | O16561: 4513 | P16561: 0.51837813 | Q16561: 0 | R16561: 4353 | S16561: 116.28 | T16561: =IF(OR(COUNTIFS($B:$B,$B16561,$C:$C,$C16561,$D:$D,$D16561,$E:$E,$E16561,$G:$G,$G16561,$H:$H,$H16561,$J:$J,$J16561,$K:$K,TRUE,$I:$I,$I16561)>0,$I16561="No-Repairing"),1,0) -> 1 | U16561: =AVERAGEIFS($T:$T,$B:$B,$B16561,$C:$C,$C16561,$D:$D,$D16561,$E:$E,$E16561,$G:$G,$G16561,$H:$H,$H16561,$J:$J,$J16561)=1 -> FALSE

Sheet Summary
A1: InitialAlg | B1: RepairingAlg | C1: Protocol | D1: Normalized Cost | E1: Success Rate | F1: Runtime | G1: Runtime (Common) | H1: Average EMD | I1: Fairness
A2: CBSH2-RTC | B2: ACO-Based Informed Repairing Strategy | C2: Fair Token Protocol | D2: =AVERAGEIFS(EvaluationData!P:P,EvaluationData!$H:$H,$A2,EvaluationData!$I:$I,$B2,EvaluationData!$J:$J,$C2,EvaluationData!$G:$G,TRUE,EvaluationData!$K:$K,TRUE) -> 0.51284089 | E2: =COUNTIFS(EvaluationData!$H:$H,$A2,EvaluationData!$I:$I,$B2,EvaluationData!$J:$J,$C2,EvaluationData!$G:$G,TRUE,EvaluationData!$K:$K,TRUE)/COUNTIFS(EvaluationData!$H:$H,$A2,EvaluationData!$I:$I,$B2,EvaluationData!$J:$J,$C2,EvaluationData!$G:$G,TRUE) -> 0.40666667 | F2: =AVERAGEIFS(EvaluationData!N:N,EvaluationData!$H:$H,$A2,EvaluationData!$I:$I,$B2,EvaluationData!$J:$J,$C2,EvaluationData!$G:$G,TRUE,EvaluationData!$K:$K,TRUE) -> 2.2742533 | G2: =AVERAGEIFS(EvaluationData!N:N,EvaluationData!$H:$H,$A2,EvaluationData!$I:$I,$B2,EvaluationData!$J:$J,$C2,EvaluationData!$G:$G,TRUE,EvaluationData!$K:$K,TRUE,EvaluationData!$U:$U,TRUE) -> 1.0866943 | H2: =AVERAGEIFS(EvaluationData!S:S,EvaluationData!$H:$H,$A2,EvaluationData!$I:$I,$B2,EvaluationData!$J:$J,$C2,EvaluationData!$G:$G,TRUE,EvaluationData!$K:$K,TRUE) -> 31.833761 | I2: =AVERAGEIFS(EvaluationData!Q:Q,EvaluationData!$H:$H,$A2,EvaluationData!$I:$I,$B2,EvaluationData!$J:$J,$C2,EvaluationData!$G:$G,TRUE,EvaluationData!$K:$K,TRUE) -> 0.21311475
A3: EECBS | B3: ACO-Based Informed Repairing Strategy | C3: Fair Token Protocol | D3: =AVERAGEIFS(EvaluationData!P:P,EvaluationData!$H:$H,$A3,EvaluationData!$I:$I,$B3,EvaluationData!$J:$J,$C3,EvaluationData!$G:$G,TRUE,EvaluationData!$K:$K,TRUE) -> 0.51256664 | E3: =COUNTIFS(EvaluationData!$H:$H,$A3,EvaluationData!$I:$I,$B3,EvaluationData!$J:$J,$C3,EvaluationData!$G:$G,TRUE,EvaluationData!$K:$K,TRUE)/COUNTIFS(EvaluationData!$H:$H,$A3,EvaluationData!$I:$I,$B3,EvaluationData!$J:$J,$C3,EvaluationData!$G:$G,TRUE) -> 0.41888889 | F3: =AVERAGEIFS(EvaluationData!N:N,EvaluationData!$H:$H,$A3,EvaluationData!$I:$I,$B3,EvaluationData!$J:$J,$C3,EvaluationData!$G:$G,TRUE,EvaluationData!$K:$K,TRUE) -> 2.2839959 | G3: =AVERAGEIFS(EvaluationData!N:N,EvaluationData!$H:$H,$A3,EvaluationData!$I:$I,$B3,EvaluationData!$J:$J,$C3,EvaluationData!$G:$G,TRUE,EvaluationData!$K:$K,TRUE,EvaluationData!$U:$U,TRUE) -> 1.1568854 | H3: =AVERAGEIFS(EvaluationData!S:S,EvaluationData!$H:$H,$A3,EvaluationData!$I:$I,$B3,EvaluationData!$J:$J,$C3,EvaluationData!$G:$G,TRUE,EvaluationData!$K:$K,TRUE) -> 31.055234 | I3: =AVERAGEIFS(EvaluationData!Q:Q,EvaluationData!$H:$H,$A3,EvaluationData!$I:$I,$B3,EvaluationData!$J:$J,$C3,EvaluationData!$G:$G,TRUE,EvaluationData!$K:$K,TRUE) -> 0.25994695
A4: CBSH2-RTC | B4: ACO-Based Informed Repairing Strategy | C4: Probability-Based Protocol | D4: =AVERAGEIFS(EvaluationData!P:P,EvaluationData!$H:$H,$A4,EvaluationData!$I:$I,$B4,EvaluationData!$J:$J,$C4,EvaluationData!$G:$G,TRUE,EvaluationData!$K:$K,TRUE) -> 0.51286626 | E4: =COUNTIFS(EvaluationData!$H:$H,$A4,EvaluationData!$I:$I,$B4,EvaluationData!$J:$J,$C4,EvaluationData!$G:$G,TRUE,EvaluationData!$K:$K,TRUE)/COUNTIFS(EvaluationData!$H:$H,$A4,EvaluationData!$I:$I,$B4,EvaluationData!$J:$J,$C4,EvaluationData!$G:$G,TRUE) -> 0.41 | F4: =AVERAGEIFS(EvaluationData!N:N,EvaluationData!$H:$H,$A4,EvaluationData!$I:$I,$B4,EvaluationData!$J:$J,$C4,EvaluationData!$G:$G,TRUE,EvaluationData!$K:$K,TRUE) -> 2.2527683 | G4: =AVERAGEIFS(EvaluationData!N:N,EvaluationData!$H:$H,$A4,EvaluationData!$I:$I,$B4,EvaluationData!$J:$J,$C4,EvaluationData!$G:$G,TRUE,EvaluationData!$K:$K,TRUE,EvaluationData!$U:$U,TRUE) -> 1.2617015 | H4: =AVERAGEIFS(EvaluationData!S:S,EvaluationData!$H:$H,$A4,EvaluationData!$I:$I,$B4,EvaluationData!$J:$J,$C4,EvaluationData!$G:$G,TRUE,EvaluationData!$K:$K,TRUE) -> 31.021725 | I4: =AVERAGEIFS(EvaluationData!Q:Q,EvaluationData!$H:$H,$A4,EvaluationData!$I:$I,$B4,EvaluationData!$J:$J,$C4,EvaluationData!$G:$G,TRUE,EvaluationData!$K:$K,TRUE) -> 0.36314363
A5: EECBS | B5: ACO-Based Informed Repairing Strategy | C5: Probability-Based Protocol | D5: =AVERAGEIFS(EvaluationData!P:P,EvaluationData!$H:$H,$A5,EvaluationData!$I:$I,$B5,EvaluationData!$J:$J,$C5,EvaluationData!$G:$G,TRUE,EvaluationData!$K:$K,TRUE) -> 0.51249814 | E5: =COUNTIFS(EvaluationData!$H:$H,$A5,EvaluationData!$I:$I,$B5,EvaluationData!$J:$J,$C5,EvaluationData!$G:$G,TRUE,EvaluationData!$K:$K,TRUE)/COUNTIFS(EvaluationData!$H:$H,$A5,EvaluationData!$I:$I,$B5,EvaluationData!$J:$J,$C5,EvaluationData!$G:$G,TRUE) -> 0.41444444 | F5: =AVERAGEIFS(EvaluationData!N:N,EvaluationData!$H:$H,$A5,EvaluationData!$I:$I,$B5,EvaluationData!$J:$J,$C5,EvaluationData!$G:$G,TRUE,EvaluationData!$K:$K,TRUE) -> 2.2027303 | G5: =AVERAGEIFS(EvaluationData!N:N,EvaluationData!$H:$H,$A5,EvaluationData!$I:$I,$B5,EvaluationData!$J:$J,$C5,EvaluationData!$G:$G,TRUE,EvaluationData!$K:$K,TRUE,EvaluationData!$U:$U,TRUE) -> 1.221321 | H5: =AVERAGEIFS(EvaluationData!S:S,EvaluationData!$H:$H,$A5,EvaluationData!$I:$I,$B5,EvaluationData!$J:$J,$C5,EvaluationData!$G:$G,TRUE,EvaluationData!$K:$K,TRUE) -> 29.771251 | I5: =AVERAGEIFS(EvaluationData!Q:Q,EvaluationData!$H:$H,$A5,EvaluationData!$I:$I,$B5,EvaluationData!$J:$J,$C5,EvaluationData!$G:$G,TRUE,EvaluationData!$K:$K,TRUE) -> 0.32171582
A6: CBSH2-RTC | B6: ACO-Based Informed WAP Repairing Strategy | C6: Fair Token Protocol | D6: =AVERAGEIFS(EvaluationData!P:P,EvaluationData!$H:$H,$A6,EvaluationData!$I:$I,$B6,EvaluationData!$J:$J,$C6,EvaluationData!$G:$G,TRUE,EvaluationData!$K:$K,TRUE) -> 0.51316862 | E6: =COUNTIFS(EvaluationData!$H:$H,$A6,EvaluationData!$I:$I,$B6,EvaluationData!$J:$J,$C6,EvaluationData!$G:$G,TRUE,EvaluationData!$K:$K,TRUE)/COUNTIFS(EvaluationData!$H:$H,$A6,EvaluationData!$I:$I,$B6,EvaluationData!$J:$J,$C6,EvaluationData!$G:$G,TRUE) -> 0.40666667 | F6: =AVERAGEIFS(EvaluationData!N:N,EvaluationData!$H:$H,$A6,EvaluationData!$I:$I,$B6,EvaluationData!$J:$J,$C6,EvaluationData!$G:$G,TRUE,EvaluationData!$K:$K,TRUE) -> 2.3404999 | G6: =AVERAGEIFS(EvaluationData!N:N,EvaluationData!$H:$H,$A6,EvaluationData!$I:$I,$B6,EvaluationData!$J:$J,$C6,EvaluationData!$G:$G,TRUE,EvaluationData!$K:$K,TRUE,EvaluationData!$U:$U,TRUE) -> 1.1641409 | H6: =AVERAGEIFS(EvaluationData!S:S,EvaluationData!$H:$H,$A6,EvaluationData!$I:$I,$B6,EvaluationData!$J:$J,$C6,EvaluationData!$G:$G,TRUE,EvaluationData!$K:$K,TRUE) -> 33.409344 | I6: =AVERAGEIFS(EvaluationData!Q:Q,EvaluationData!$H:$H,$A6,EvaluationData!$I:$I,$B6,EvaluationData!$J:$J,$C6,EvaluationData!$G:$G,TRUE,EvaluationData!$K:$K,TRUE) -> 0.20765027
A7: EECBS | B7: ACO-Based Informed WAP Repairing Strategy | C7: Fair Token Protocol | D7: =AVERAGEIFS(EvaluationData!P:P,EvaluationData!$H:$H,$A7,EvaluationData!$I:$I,$B7,EvaluationData!$J:$J,$C7,EvaluationData!$G:$G,TRUE,EvaluationData!$K:$K,TRUE) -> 0.51259069 | E7: =COUNTIFS(EvaluationData!$H:$H,$A7,EvaluationData!$I:$I,$B7,EvaluationData!$J:$J,$C7,EvaluationData!$G:$G,TRUE,EvaluationData!$K:$K,TRUE)/COUNTIFS(EvaluationData!$H:$H,$A7,EvaluationData!$I:$I,$B7,EvaluationData!$J:$J,$C7,EvaluationData!$G:$G,TRUE) -> 0.41666667 | F7: =AVERAGEIFS(EvaluationData!N:N,EvaluationData!$H:$H,$A7,EvaluationData!$I:$I,$B7,EvaluationData!$J:$J,$C7,EvaluationData!$G:$G,TRUE,EvaluationData!$K:$K,TRUE) -> 2.4053114 | G7: =AVERAGEIFS(EvaluationData!N:N,EvaluationData!$H:$H,$A7,EvaluationData!$I:$I,$B7,EvaluationData!$J:$J,$C7,EvaluationData!$G:$G,TRUE,EvaluationData!$K:$K,TRUE,EvaluationData!$U:$U,TRUE) -> 1.2920286 | H7: =AVERAGEIFS(EvaluationData!S:S,EvaluationData!$H:$H,$A7,EvaluationData!$I:$I,$B7,EvaluationData!$J:$J,$C7,EvaluationData!$G:$G,TRUE,EvaluationData!$K:$K,TRUE) -> 33.232267 | I7: =AVERAGEIFS(EvaluationData!Q:Q,EvaluationData!$H:$H,$A7,EvaluationData!$I:$I,$B7,EvaluationData!$J:$J,$C7,EvaluationData!$G:$G,TRUE,EvaluationData!$K:$K,TRUE) -> 0.256
A8: CBSH2-RTC | B8: ACO-Based Informed WAP Repairing Strategy | C8: Probability-Based Protocol | D8: =AVERAGEIFS(EvaluationData!P:P,EvaluationData!$H:$H,$A8,EvaluationData!$I:$I,$B8,EvaluationData!$J:$J,$C8,EvaluationData!$G:$G,TRUE,EvaluationData!$K:$K,TRUE) -> 0.51296985 | E8: =COUNTIFS(EvaluationData!$H:$H,$A8,EvaluationData!$I:$I,$B8,EvaluationData!$J:$J,$C8,EvaluationData!$G:$G,TRUE,EvaluationData!$K:$K,TRUE)/COUNTIFS(EvaluationData!$H:$H,$A8,EvaluationData!$I:$I,$B8,EvaluationData!$J:$J,$C8,EvaluationData!$G:$G,TRUE) -> 0.40444444 | F8: =AVERAGEIFS(EvaluationData!N:N,EvaluationData!$H:$H,$A8,EvaluationData!$I:$I,$B8,EvaluationData!$J:$J,$C8,EvaluationData!$G:$G,TRUE,EvaluationData!$K:$K,TRUE) -> 2.2981017 | G8: =AVERAGEIFS(EvaluationData!N:N,EvaluationData!$H:$H,$A8,EvaluationData!$I:$I,$B8,EvaluationData!$J:$J,$C8,EvaluationData!$G:$G,TRUE,EvaluationData!$K:$K,TRUE,EvaluationData!$U:$U,TRUE) -> 1.2867666 | H8: =AVERAGEIFS(EvaluationData!S:S,EvaluationData!$H:$H,$A8,EvaluationData!$I:$I,$B8,EvaluationData!$J:$J,$C8,EvaluationData!$G:$G,TRUE,EvaluationData!$K:$K,TRUE) -> 32.806941 | I8: =AVERAGEIFS(EvaluationData!Q:Q,EvaluationData!$H:$H,$A8,EvaluationData!$I:$I,$B8,EvaluationData!$J:$J,$C8,EvaluationData!$G:$G,TRUE,EvaluationData!$K:$K,TRUE) -> 0.37912088
A9: EECBS | B9: ACO-Based Informed WAP Repairing Strategy | C9: Probability-Based Protocol | D9: =AVERAGEIFS(EvaluationData!P:P,EvaluationData!$H:$H,$A9,EvaluationData!$I:$I,$B9,EvaluationData!$J:$J,$C9,EvaluationData!$G:$G,TRUE,EvaluationData!$K:$K,TRUE) -> 0.51299993 | E9: =COUNTIFS(EvaluationData!$H:$H,$A9,EvaluationData!$I:$I,$B9,EvaluationData!$J:$J,$C9,EvaluationData!$G:$G,TRUE,EvaluationData!$K:$K,TRUE)/COUNTIFS(EvaluationData!$H:$H,$A9,EvaluationData!$I:$I,$B9,EvaluationData!$J:$J,$C9,EvaluationData!$G:$G,TRUE) -> 0.42222222 | F9: =AVERAGEIFS(EvaluationData!N:N,EvaluationData!$H:$H,$A9,EvaluationData!$I:$I,$B9,EvaluationData!$J:$J,$C9,EvaluationData!$G:$G,TRUE,EvaluationData!$K:$K,TRUE) -> 2.3444265 | G9: =AVERAGEIFS(EvaluationData!N:N,EvaluationData!$H:$H,$A9,EvaluationData!$I:$I,$B9,EvaluationData!$J:$J,$C9,EvaluationData!$G:$G,TRUE,EvaluationData!$K:$K,TRUE,EvaluationData!$U:$U,TRUE) -> 1.2780413 | H9: =AVERAGEIFS(EvaluationData!S:S,EvaluationData!$H:$H,$A9,EvaluationData!$I:$I,$B9,EvaluationData!$J:$J,$C9,EvaluationData!$G:$G,TRUE,EvaluationData!$K:$K,TRUE) -> 32.178412 | I9: =AVERAGEIFS(EvaluationData!Q:Q,EvaluationData!$H:$H,$A9,EvaluationData!$I:$I,$B9,EvaluationData!$J:$J,$C9,EvaluationData!$G:$G,TRUE,EvaluationData!$K:$K,TRUE) -> 0.43684211
A10: CBSH2-RTC | B10: ACO-Based Uninformed Repairing Strategy | C10: Fair Token Protocol | D10: =AVERAGEIFS(EvaluationData!P:P,EvaluationData!$H:$H,$A10,EvaluationData!$I:$I,$B10,EvaluationData!$J:$J,$C10,EvaluationData!$G:$G,TRUE,EvaluationData!$K:$K,TRUE) -> 0.52224298 | E10: =COUNTIFS(EvaluationData!$H:$H,$A10,EvaluationData!$I:$I,$B10,EvaluationData!$J:$J,$C10,EvaluationData!$G:$G,TRUE,EvaluationData!$K:$K,TRUE)/COUNTIFS(EvaluationData!$H:$H,$A10,EvaluationData!$I:$I,$B10,EvaluationData!$J:$J,$C10,EvaluationData!$G:$G,TRUE) -> 0.27333333 | F10: =AVERAGEIFS(EvaluationData!N:N,EvaluationData!$H:$H,$A10,EvaluationData!$I:$I,$B10,EvaluationData!$J:$J,$C10,EvaluationData!$G:$G,TRUE,EvaluationData!$K:$K,TRUE) -> 1.8082164 | G10: =AVERAGEIFS(EvaluationData!N:N,EvaluationData!$H:$H,$A10,EvaluationData!$I:$I,$B10,EvaluationData!$J:$J,$C10,EvaluationData!$G:$G,TRUE,EvaluationData!$K:$K,TRUE,EvaluationData!$U:$U,TRUE) -> 1.6516859 | H10: =AVERAGEIFS(EvaluationData!S:S,EvaluationData!$H:$H,$A10,EvaluationData!$I:$I,$B10,EvaluationData!$J:$J,$C10,EvaluationData!$G:$G,TRUE,EvaluationData!$K:$K,TRUE) -> 58.595366 | I10: =AVERAGEIFS(EvaluationData!Q:Q,EvaluationData!$H:$H,$A10,EvaluationData!$I:$I,$B10,EvaluationData!$J:$J,$C10,EvaluationData!$G:$G,TRUE,EvaluationData!$K:$K,TRUE) -> 0.36585366
A11: EECBS | B11: ACO-Based Uninformed Repairing Strategy | C11: Fair Token Protocol | D11: =AVERAGEIFS(EvaluationData!P:P,EvaluationData!$H:$H,$A11,EvaluationData!$I:$I,$B11,EvaluationData!$J:$J,$C11,EvaluationData!$G:$G,TRUE,EvaluationData!$K:$K,TRUE) -> 0.52113647 | E11: =COUNTIFS(EvaluationData!$H:$H,$A11,EvaluationData!$I:$I,$B11,EvaluationData!$J:$J,$C11,EvaluationData!$G:$G,TRUE,EvaluationData!$K:$K,TRUE)/COUNTIFS(EvaluationData!$H:$H,$A11,EvaluationData!$I:$I,$B11,EvaluationData!$J:$J,$C11,EvaluationData!$G:$G,TRUE) -> 0.26888889 | F11: =AVERAGEIFS(EvaluationData!N:N,EvaluationData!$H:$H,$A11,EvaluationData!$I:$I,$B11,EvaluationData!$J:$J,$C11,EvaluationData!$G:$G,TRUE,EvaluationData!$K:$K,TRUE) -> 1.9744169 | G11: =AVERAGEIFS(EvaluationData!N:N,EvaluationData!$H:$H,$A11,EvaluationData!$I:$I,$B11,EvaluationData!$J:$J,$C11,EvaluationData!$G:$G,TRUE,EvaluationData!$K:$K,TRUE,EvaluationData!$U:$U,TRUE) -> 1.8694194 | H11: =AVERAGEIFS(EvaluationData!S:S,EvaluationData!$H:$H,$A11,EvaluationData!$I:$I,$B11,EvaluationData!$J:$J,$C11,EvaluationData!$G:$G,TRUE,EvaluationData!$K:$K,TRUE) -> 62.405661 | I11: =AVERAGEIFS(EvaluationData!Q:Q,EvaluationData!$H:$H,$A11,EvaluationData!$I:$I,$B11,EvaluationData!$J:$J,$C11,EvaluationData!$G:$G,TRUE,EvaluationData!$K:$K,TRUE) -> 0.31818182
A12: CBSH2-RTC | B12: ACO-Based Uninformed Repairing Strategy | C12: Probability-Based Protocol | D12: =AVERAGEIFS(EvaluationData!P:P,EvaluationData!$H:$H,$A12,EvaluationData!$I:$I,$B12,EvaluationData!$J:$J,$C12,EvaluationData!$G:$G,TRUE,EvaluationData!$K:$K,TRUE) -> 0.52274951 | E12: =COUNTIFS(EvaluationData!$H:$H,$A12,EvaluationData!$I:$I,$B12,EvaluationData!$J:$J,$C12,EvaluationData!$G:$G,TRUE,EvaluationData!$K:$K,TRUE)/COUNTIFS(EvaluationData!$H:$H,$A12,EvaluationData!$I:$I,$B12,EvaluationData!$J:$J,$C12,EvaluationData!$G:$G,TRUE) -> 0.27444444 | F12: =AVERAGEIFS(EvaluationData!N:N,EvaluationData!$H:$H,$A12,EvaluationData!$I:$I,$B12,EvaluationData!$J:$J,$C12,EvaluationData!$G:$G,TRUE,EvaluationData!$K:$K,TRUE) -> 1.6575243 | G12: =AVERAGEIFS(EvaluationData!N:N,EvaluationData!$H:$H,$A12,EvaluationData!$I:$I,$B12,EvaluationData!$J:$J,$C12,EvaluationData!$G:$G,TRUE,EvaluationData!$K:$K,TRUE,EvaluationData!$U:$U,TRUE) -> 1.6035391 | H12: =AVERAGEIFS(EvaluationData!S:S,EvaluationData!$H:$H,$A12,EvaluationData!$I:$I,$B12,EvaluationData!$J:$J,$C12,EvaluationData!$G:$G,TRUE,EvaluationData!$K:$K,TRUE) -> 62.722119 | I12: =AVERAGEIFS(EvaluationData!Q:Q,EvaluationData!$H:$H,$A12,EvaluationData!$I:$I,$B12,EvaluationData!$J:$J,$C12,EvaluationData!$G:$G,TRUE,EvaluationData!$K:$K,TRUE) -> 0.54251012
A13: EECBS | B13: ACO-Based Uninformed Repairing Strategy | C13: Probability-Based Protocol | D13: =AVERAGEIFS(EvaluationData!P:P,EvaluationData!$H:$H,$A13,EvaluationData!$I:$I,$B13,EvaluationData!$J:$J,$C13,EvaluationData!$G:$G,TRUE,EvaluationData!$K:$K,TRUE) -> 0.52268728 | E13: =COUNTIFS(EvaluationData!$H:$H,$A13,EvaluationData!$I:$I,$B13,EvaluationData!$J:$J,$C13,EvaluationData!$G:$G,TRUE,EvaluationData!$K:$K,TRUE)/COUNTIFS(EvaluationData!$H:$H,$A13,EvaluationData!$I:$I,$B13,EvaluationData!$J:$J,$C13,EvaluationData!$G:$G,TRUE) -> 0.27666667 | F13: =AVERAGEIFS(EvaluationData!N:N,EvaluationData!$H:$H,$A13,EvaluationData!$I:$I,$B13,EvaluationData!$J:$J,$C13,EvaluationData!$G:$G,TRUE,EvaluationData!$K:$K,TRUE) -> 2.0116293 | G13: =AVERAGEIFS(EvaluationData!N:N,EvaluationData!$H:$H,$A13,EvaluationData!$I:$I,$B13,EvaluationData!$J:$J,$C13,EvaluationData!$G:$G,TRUE,EvaluationData!$K:$K,TRUE,EvaluationData!$U:$U,TRUE) -> 1.8653882 | H13: =AVERAGEIFS(EvaluationData!S:S,EvaluationData!$H:$H,$A13,EvaluationData!$I:$I,$B13,EvaluationData!$J:$J,$C13,EvaluationData!$G:$G,TRUE,EvaluationData!$K:$K,TRUE) -> 67.489679 | I13: =AVERAGEIFS(EvaluationData!Q:Q,EvaluationData!$H:$H,$A13,EvaluationData!$I:$I,$B13,EvaluationData!$J:$J,$C13,EvaluationData!$G:$G,TRUE,EvaluationData!$K:$K,TRUE) -> 0.57028112
... A19: EECBS | B19: No-Repairing | C19: Random Protocol | D19: =AVERAGEIFS(EvaluationData!P:P,EvaluationData!$H:$H,$A19,EvaluationData!$I:$I,$B19,EvaluationData!$J:$J,$C19,EvaluationData!$G:$G,TRUE,EvaluationData!$K:$K,TRUE) -> 0.50363348 | E19: =COUNTIFS(EvaluationData!$H:$H,$A19,EvaluationData!$I:$I,$B19,EvaluationData!$J:$J,$C19,EvaluationData!$G:$G,TRUE,EvaluationData!$K:$K,TRUE)/COUNTIFS(EvaluationData!$H:$H,$A19,EvaluationData!$I:$I,$B19,EvaluationData!$J:$J,$C19,EvaluationData!$G:$G,TRUE) -> 0.061111111 | F19: =AVERAGEIFS(EvaluationData!N:N,EvaluationData!$H:$H,$A19,EvaluationData!$I:$I,$B19,EvaluationData!$J:$J,$C19,EvaluationData!$G:$G,TRUE,EvaluationData!$K:$K,TRUE) -> 1.219345 | G19: =AVERAGEIFS(EvaluationData!N:N,EvaluationData!$H:$H,$A19,EvaluationData!$I:$I,$B19,EvaluationData!$J:$J,$C19,EvaluationData!$G:$G,TRUE,EvaluationData!$K:$K,TRUE,EvaluationData!$U:$U,TRUE) -> 1.219345 | H19: =AVERAGEIFS(EvaluationData!S:S,EvaluationData!$H:$H,$A19,EvaluationData!$I:$I,$B19,EvaluationData!$J:$J,$C19,EvaluationData!$G:$G,TRUE,EvaluationData!$K:$K,TRUE) -> 0 | I19: =AVERAGEIFS(EvaluationData!Q:Q,EvaluationData!$H:$H,$A19,EvaluationData!$I:$I,$B19,EvaluationData!$J:$J,$C19,EvaluationData!$G:$G,TRUE,EvaluationData!$K:$K,TRUE) -> 0
